years,links
2024,pages/e0e8d1fc-6525-4483-aa92-e1cc683a7a03.html
2023,pages/f5eaf5b6-3e93-4aec-abfb-e0a14cd61dbb.html
2022,pages/dfa96696-b0e2-409a-9ce7-da59d979eec4.html
2021,pages/ef158655-7895-4b88-bb5a-9152bd5e4c7d.html
2020,pages/f8804484-36d6-4aeb-bc7b-7e65c9c7eeaa.html
2019,pages/555cbfc7-9223-4abe-8b90-9ce05da9a39d.html
2018,pages/62024780-5116-497d-97e4-98eee4ae3e9a.html
2017,pages/124c15ac-4bb2-47c6-ba13-189c2923eac3.html
2016,pages/1066be6e-abba-4c42-903d-1452b0a48c0c.html
2015,pages/fde07af5-12c1-4088-a9f3-bcd3925f9265.html
2014,pages/ae527285-6c96-4320-a2f8-2eeed54802b8.html
2013,pages/84b9fabc-39a6-44f4-a675-514b62ebdaab.html
2012,pages/92b99956-d559-400a-881e-b86a1e93933a.html
2011,pages/385141bc-bbd8-43bb-8ac5-622c3bde0ec9.html
2010,pages/f63a85c0-01e6-4fbe-adfa-7a03a6e67f8f.html
2009,pages/cd49ce9a-550b-43f4-856a-cf4d8b9a1c15.html
2008,pages/c202abb8-a230-47cb-b091-8c7fe7c27d6f.html
2007,pages/33cc5493-7025-4384-ab1d-f922546297ac.html
2006,pages/b5637cfd-54c7-4d50-a13e-6a481977fd04.html
2005,pages/c603fd21-813a-442f-8013-939be4b7c630.html
2004,pages/6f9a7992-64df-4bf3-96af-1d77fb6af197.html
2003,pages/0978b092-81e7-4b56-88cf-d635f9ffa8dc.html
2002,pages/19ce2864-b1c1-4e78-8f22-c55aa30f43f1.html
2001,pages/68dcf09d-7320-4cda-9a20-e20e94717e90.html
2000,pages/623fbfdf-d933-4795-b543-e72827d453c4.html
1999,pages/a02e3a60-206c-43ac-9c37-0ed95a967851.html
1998,pages/9205579a-a2ce-43f1-93f9-f863d4a3c135.html
1997,pages/ccb0c005-f2dd-4854-a840-55bc39c69021.html
1996,pages/77f9ee0f-8f3a-4507-8c34-b04c6f2f43f0.html
1995,pages/f2bd962a-ed50-4132-b57b-75e24eb95609.html
1994,pages/abf8e800-95fe-48df-b2cb-4d5366172c0b.html
1993,pages/7a234831-1466-4dd8-9ca4-691584f06ff1.html
1992,pages/b00a9002-270d-46ca-97df-d2ae624cf35b.html
1991,pages/1014a66b-f5fb-42fc-b6e1-c41b01c20e0c.html
1990,pages/eb63f127-b8ea-4284-9f23-81fa1597b5ca.html
1989,pages/94c8ada3-7846-4d06-8b8c-281637ef3886.html
1988,pages/c8703832-2ef4-4e06-990f-56537800aa6c.html
1987,pages/1578ed5c-5ea9-4e02-8306-8130102ea855.html
1986,pages/6828bf94-b721-4bad-8d5f-3482b6d76a9d.html
1985,pages/14d35a1e-a198-466f-bc60-069221db3e0e.html
1984,pages/fa727dc1-6164-4584-b1a7-a7bed7f35c35.html
1983,pages/e12d834a-dd06-464a-bcd7-036fb44f1a84.html
1982,pages/bd5bc41b-def6-45e5-b590-fccaf32e3837.html
1981,pages/f8b8b939-27ae-4c81-bfb5-a19732702474.html
1980,pages/8cf2803d-73fc-415f-9fa3-5b43475faa72.html
1979,pages/a30fbcd6-54e2-4a53-b567-5bd24cfc4fb0.html
1978,pages/1be84c2f-ec88-476d-b946-2516086ae4c8.html
1977,pages/1125022f-415b-4719-b1d8-8867e823fead.html
1976,pages/ce9bd214-7e3e-4862-9862-73263349a557.html
1975,pages/cca51b9b-6326-4d28-ad59-a3d797f63faf.html
1974,pages/c6a448b9-5ebe-4c56-b5a5-aeae792ce7e4.html
1973,pages/e1e88478-3e97-4427-8b01-c44c031fce4c.html
1972,pages/d48f339d-ea3e-4c46-a493-90f5a3b2f5f3.html
1971,pages/2bcccdb1-ee0a-48e6-9059-05d1634887f7.html
1970,pages/8a1d49c1-3eab-49e2-84fa-4667542f3b41.html
1969,pages/b8ad7c2b-fcdd-4f98-948a-7b90a5ac01cd.html
1968,pages/3097c460-41b9-46ce-9a5d-3eca4a3c6ada.html
1967,pages/19253ffc-da12-4444-8562-89d63efd6d03.html
1966,pages/f2d29217-7519-45b7-bcea-12086033b5bb.html
1965,pages/de48caf0-1cb4-4f93-8f34-f3d1ff8b0d42.html
1964,pages/2d0bc6c7-db3a-4ffb-b4d1-4a06c4dc9e98.html
1963,pages/f93f2d39-a496-4a87-9a0f-3878d8a281bb.html
1962,pages/225a4444-3d1c-42e3-94b9-41a1b04dcbf8.html
1961,pages/4265e7b5-78aa-4925-911d-03a29394d62e.html
1960,pages/518c015e-6631-4043-9c1d-afddc1b2a6cb.html
1959,pages/87f0d74f-f66d-4649-8ba8-4a3656a20170.html
1958,pages/336f99f5-d912-4435-923d-2b068cae2c4f.html
1957,pages/ca5ffda3-1978-4953-bee1-c1efc767b435.html
1956,pages/3cebdd76-1c54-4e4f-9e55-5e4536a7b139.html
1955,pages/472ac123-0f81-4a68-b141-392236d1084f.html
1954,pages/82c1c10f-668e-46e7-b00f-4d8e4874a1f9.html
1953,pages/750f5c30-8e19-48d2-99c9-c3f911b8f235.html
1952,pages/56824a7c-3dc9-4c36-83cd-45b31c45c360.html
1951,pages/c9ba4b64-5b58-4a1c-a2ff-fa6652849dd6.html
1950,pages/54c6218d-2b6b-4ed9-b517-2882f71b921b.html
1949,pages/6a468f8c-9b7d-418f-bd6d-846b78b3f5a6.html
1948,pages/169f17bf-14d8-4149-86c5-a0798eb0ef94.html
1947,pages/519ee188-217a-495f-bc76-700b427f4cfc.html
1946,pages/1a513db4-cec8-4042-bf6b-28d1d11a7389.html
1945,pages/468d5821-7ff6-477f-a535-53718f371950.html
1944,pages/7c9a03c6-9663-4a63-8c77-d50454309020.html
1943,pages/a1253066-9fd5-4092-918c-027fdc7bba40.html
1942,pages/befc05f9-7ce1-46e8-8c07-5a66dc190387.html
1941,pages/0c7b983b-419f-489f-89b9-bc9eec9640fd.html
1940,pages/bcfdc6d1-4817-48e8-b6b9-ffb45c036653.html
1939,pages/e21f9450-064b-4bfe-9d08-f3d602e49350.html
1938,pages/971cf7fb-1efe-4cf2-a26a-87affae2eff0.html
1937,pages/6ceda24d-0d94-4559-9fa2-19d5cc720a4e.html
1936,pages/c6d689c1-c116-4f56-bd3c-6dd3603c56bf.html
1935,pages/47dd6134-7bc9-44e1-a7dd-8f938e871194.html
1933,pages/1d857ce9-9935-456f-b301-9ef02e908c5c.html
1932,pages/4b4f77ee-dec9-458d-b986-83e7574b8d53.html
1931,pages/7c6a0c01-9d17-4e80-8824-68aa3f06b4e4.html
1930,pages/c6c710f5-cdb9-4eee-a13f-1b948c26f84d.html
1929,pages/40b0571b-da27-4c29-b083-e51cb0d6ed77.html
1928,pages/c2a21ba5-24b8-4bfa-8b21-94acee068902.html
